{
  "rows": [
    {
      "representation": "title_only",
      "Hit@1": 0.90625,
      "Hit@5": 1.0,
      "Hit@10": 1.0,
      "MRR": 0.953125,
      "NDCG": 0.9653996643973242
    }
  ]
}