{
  "rows": [
    {
      "representation": "title_only",
      "Hit@1": 0.9696969696969697,
      "Hit@5": 0.9696969696969697,
      "Hit@10": 0.9696969696969697,
      "MRR": 0.9696969696969697,
      "NDCG": 0.9696969696969697
    },
    {
      "representation": "abstract_only",
      "Hit@1": 0.3333333333333333,
      "Hit@5": 0.696969696969697,
      "Hit@10": 0.7575757575757576,
      "MRR": 0.469023569023569,
      "NDCG": 0.5391065223207863
    }
  ]
}