{
  "rows": [
    {
      "representation": "title_only",
      "Hit@1": 0.9696969696969697,
      "Hit@5": 0.9696969696969697,
      "Hit@10": 0.9696969696969697,
      "MRR": 0.9696969696969697,
      "NDCG": 0.9696969696969697
    }
  ]
}